{"cameraMode":{"drawMode":0,"name":"Shaded","section":"Shading Mode"},"sceneLighting":true,"audioPlay":false,"sceneViewState":{"m_AlwaysRefresh":false,"showFog":true,"showSkybox":true,"showFlares":true,"showImageEffects":true,"showParticleSystems":true,"showVisualEffectGraphs":true,"m_FxEnabled":true},"in2DMode":false,"pivot":{"x":-10.836501121520996,"y":130.21829223632813,"z":148.2745819091797},"rotation":{"x":-0.0452880784869194,"y":-0.016385003924369813,"z":0.0007409954559989274,"w":-0.9988462924957275},"size":7.847009658813477,"orthographic":false}