{"cameraMode":{"drawMode":0,"name":"Shaded","section":"Shading Mode"},"sceneLighting":true,"audioPlay":false,"sceneViewState":{"m_AlwaysRefresh":false,"showFog":true,"showSkybox":true,"showFlares":true,"showImageEffects":true,"showParticleSystems":true,"showVisualEffectGraphs":true,"m_FxEnabled":true},"in2DMode":false,"pivot":{"x":0.030332157388329507,"y":0.7648429274559021,"z":-0.30607154965400698},"rotation":{"x":0.2350514531135559,"y":0.01749018020927906,"z":-0.004230188671499491,"w":0.9718203544616699},"size":3.0120325088500978,"orthographic":false}