{"cameraMode":{"drawMode":0,"name":"Shaded","section":"Shading Mode"},"sceneLighting":false,"audioPlay":false,"sceneViewState":{"m_AlwaysRefresh":false,"showFog":true,"showSkybox":false,"showFlares":true,"showImageEffects":true,"showParticleSystems":true,"showVisualEffectGraphs":true,"m_FxEnabled":true},"in2DMode":false,"pivot":{"x":1.618234634399414,"y":0.05791005492210388,"z":20.136526107788087},"rotation":{"x":0.04673647880554199,"y":0.839118480682373,"z":-0.07302624732255936,"w":0.5370238423347473},"size":2.5428812503814699,"orthographic":false}