{"cameraMode":{"drawMode":0,"name":"Shaded","section":"Shading Mode"},"sceneLighting":true,"audioPlay":false,"sceneViewState":{"m_AlwaysRefresh":false,"showFog":true,"showSkybox":true,"showFlares":true,"showImageEffects":true,"showParticleSystems":true,"showVisualEffectGraphs":true,"m_FxEnabled":true},"in2DMode":false,"pivot":{"x":1.2579749822616578,"y":-2.384185791015625e-7,"z":1.5571980476379395},"rotation":{"x":0.22766879200935365,"y":-0.034557878971099856,"z":0.008084790781140328,"w":0.9731195569038391},"size":9.574532508850098,"orthographic":false}